year,month,DOC  [mg L-1]
1883,1,1.83
1883,2,2.6
1883,3,0.97
1883,4,1.15
1883,5,1.47
1883,6,1.3
1883,7,1.42
1883,8,1.51
1883,9,1.17
1883,10,2.02
1883,11,2.38
1883,12,2.63
1884,1,1.83
1884,2,1.65
1884,3,1.52
1884,4,1.05
1884,5,1.17
1884,6,1.73
1884,7,1.33
1884,8,1.27
1884,9,1.2
1884,10,1.43
1884,11,1.59
1884,12,2.91
1885,1,2.34
1885,2,3.52
1885,3,2.74
1885,4,1.91
1885,5,1.42
1885,6,1.37
1885,7,1.23
1885,8,1.37
1885,9,1.25
1885,10,1.28
1885,11,2.85
1885,12,1.47
1886,1,1.25
1886,2,1.29
1886,3,0.91
1886,4,1.07
1886,5,1.05
1886,6,1.03
1886,7,1.06
1886,8,1.24
1886,9,1.15
1886,10,1.1
1886,11,1.39
1886,12,1.56
1887,1,3.07
1887,2,2.72
1887,3,1.99
1887,4,1.95
1887,5,1.26
1887,6,1.25
1887,7,0.74
1887,8,0.63
1887,9,0.71
1887,10,0.65
1887,11,0.96
1887,12,1.19
1888,1,1.8
1888,2,1.29
1888,3,1.63
1888,4,1.67
1888,5,1.74
1888,6,1.23
1888,7,1.75
1888,8,2.29
1888,9,1.31
1888,10,1.28
1888,11,2.64
1888,12,3.27
1889,1,2.75
1889,2,2.72
1889,3,2.47
1889,4,2.19
1889,5,1.58
1889,6,2.58
1889,7,1.87
1889,8,2.02
1889,9,2.02
1889,10,2
1889,11,1.95
1889,12,1.81
1890,1,2.03
1890,2,2.02
1890,3,1.3
1890,4,1.44
1890,5,1.59
1890,6,1.36
1890,7,2.19
1890,8,1.84
1890,9,1.31
1890,10,1.21
1890,11,1.61
1890,12,1.69
1891,1,1.62
1891,2,2.58
1891,3,1.67
1891,4,1.66
1891,5,1.15
1891,6,1.61
1891,7,1.12
1891,8,1.38
1891,9,1.83
1891,10,1.87
1891,11,2.06
1891,12,1.97
1892,1,1.37
1892,2,1.01
1892,3,1.07
1892,4,0.79
1892,5,0.7
1892,6,0.84
1892,7,1.45
1892,8,1.47
1892,9,1.98
1892,10,1.67
1892,11,2.61
1892,12,2.49
1893,1,2.45
1893,2,3.28
1893,3,2.6
1893,4,1.48
1893,5,1.49
1893,6,2.05
1893,7,1.95
1893,8,1.79
1893,9,1.57
1893,10,1.66
1893,11,1.9
1893,12,2.18
1894,1,2.77
1894,2,2.48
1894,3,2.44
1894,4,1.83
1894,5,1.84
1894,6,2.25
1894,7,2.01
1894,8,2.29
1894,9,2.71
1894,10,3.67
1894,11,3.52
1894,12,2.14
1895,1,2.01
1895,2,1.94
1895,3,1.86
1895,4,2.01
1895,5,1.17
1895,6,1.18
1895,7,1.13
1895,8,1.17
1895,9,1.03
1895,10,1.13
1895,11,1.58
1895,12,1.64
1896,1,1.46
1896,2,1.42
1896,3,1.73
1896,4,1.33
1896,5,1.11
1896,6,1.37
1896,7,1.45
1896,8,1.38
1896,9,1.39
1896,10,1.77
1896,11,1.41
1896,12,1.82
1897,1,1.75
1897,2,1.88
1897,3,1.77
1897,4,1.02
1897,5,0.88
1897,6,1.09
1897,7,1.24
1897,8,1.09
1897,9,1.25
1897,10,1.29
1897,11,1.29
1897,12,1.6
1898,1,1.92
1898,2,1.24
1898,3,1.18
1898,4,1.18
1898,5,1.18
1898,6,1.43
1898,7,1.13
1898,8,1.03
1898,9,1.09
1898,10,1.19
1898,11,1.39
1898,12,2.49
1899,1,2.59
1899,2,2.65
1899,3,1.31
1899,4,0.96
1899,5,1.25
1899,6,1.21
1899,7,1.14
1899,8,1.53
1899,9,1.61
1899,10,1.34
1899,11,2.53
1899,12,2.11
1900,1,2.87
1900,2,3.04
1900,3,3.03
1900,4,2.24
1900,5,1.41
1900,6,1.31
1900,7,1.55
1900,8,1.56
1900,9,1.42
1900,10,1.36
1900,11,1.4
1900,12,1.54
1901,1,2.3
1901,2,1.7
1901,3,1.82
1901,4,1.91
1901,5,1.35
1901,6,1.36
1901,7,1.9
1901,8,1.41
1901,9,1.5
1901,10,1.4
1901,11,1.45
1901,12,1.86
1902,1,1.99
1902,2,1.68
1902,3,2.09
1902,4,1.74
1902,5,1.54
1902,6,1.89
1902,7,1.86
1902,8,1.32
1902,9,1.43
1902,10,1.27
1902,11,1.44
1902,12,2.33
1903,1,2.79
1903,2,2.13
1903,3,2.45
1903,4,1.61
1903,5,2.25
1903,6,2.46
1903,7,1.97
1903,8,1.41
1903,9,1.48
1903,10,2.57
1903,11,2.68
1903,12,2.34
1904,1,1.52
1904,2,2.27
1904,3,1.17
1904,4,1.07
1904,5,1.15
1904,6,2.13
1904,7,1.66
1904,8,1.73
1904,9,1.65
1904,10,1.61
1904,11,1.81
1904,12,2.06
1905,1,1.68
1905,2,1.45
1905,3,1.59
1905,4,1.62
1905,5,1.46
1905,6,1.65
1905,7,1.67
1905,8,1.52
1905,9,1.37
1905,10,1.27
1905,11,1.74
1905,12,1.64
1906,1,2.12
1906,2,2.12
1906,3,2.02
1906,4,1.74
1906,5,1.36
1906,6,1.74
1906,7,1.74
1906,8,1.64
1906,9,1.55
1906,10,1.74
1906,11,1.74
1906,12,1.83
1907,1,1.93
1907,2,1.93
1907,3,1.74
1907,4,1.45
1907,5,1.55
1907,6,1.55
1907,7,1.55
1907,8,1.55
1907,9,1.45
1907,10,1.45
1907,11,1.55
1907,12,1.83
1908,1,2.69
1908,2,2.41
1908,3,2.31
1908,4,2.12
1908,5,2.02
1908,6,1.64
1908,7,1.45
1908,8,1.55
1908,9,1.36
1908,10,1.36
1908,11,1.45
1908,12,1.45
1909,1,1.74
1909,2,1.93
1909,3,2.02
1909,4,1.64
1909,5,1.45
1909,6,1.55
1909,7,1.45
1909,8,1.64
1909,9,1.55
1909,10,1.55
1909,11,1.74
1909,12,1.83
1910,1,1.93
1910,2,1.93
1910,3,2.02
1910,4,1.74
1910,5,1.74
1910,6,1.64
1910,7,1.64
1910,8,1.55
1910,9,1.55
1910,10,1.64
1910,11,1.74
1910,12,2.12
1911,1,2.79
1911,2,2.02
1911,3,2.02
1911,4,1.83
1911,5,1.55
1911,6,1.55
1911,7,1.45
1911,8,1.45
1911,9,1.55
1911,10,1.55
1911,11,1.45
1911,12,1.55
1912,1,1.64
1912,2,2.12
1912,3,2.31
1912,4,1.93
1912,5,1.64
1912,6,1.45
1912,7,1.55
1912,8,1.26
1912,9,1.74
1912,10,1.64
1912,11,1.74
1912,12,2.02
1913,1,2.41
1913,2,2.41
1913,3,2.12
1913,4,1.83
1913,5,1.74
1913,6,1.45
1913,7,1.45
1913,8,1.36
1913,9,1.17
1913,10,1.45
1913,11,1.64
1913,12,2.02
1914,1,1.93
1914,2,1.93
1914,3,2.31
1914,4,2.88
1914,5,2.02
1914,6,1.74
1914,7,1.74
1914,8,1.64
1914,9,1.45
1914,10,1.55
1914,11,1.93
1914,12,2.22
1915,1,2.88
1915,2,3.65
1915,3,3.17
1915,4,2.6
1915,5,1.83
1915,6,2.12
1915,7,2.02
1915,8,2.02
1915,9,2.12
1915,10,2.12
1915,11,2.69
1915,12,3.36
1916,1,3.65
1916,2,3.27
1916,3,3.27
1916,4,3.27
1916,5,2.41
1916,6,2.12
1916,7,2.02
1916,8,1.93
1916,9,2.31
1916,10,2.31
1916,11,2.5
1916,12,2.5
1917,1,2.41
1917,2,2.12
1917,3,2.31
1917,4,2.41
1917,5,2.02
1917,6,2.31
1917,7,2.6
1917,8,2.6
1917,9,2.98
1917,10,2.79
1917,11,2.88
1917,12,2.22
1918,1,2.5
1918,2,2.6
1918,3,2.22
1918,4,2.12
1918,5,2.41
1918,6,1.93
1918,7,2.22
1918,8,2.6
1918,9,2.31
1918,10,2.98
1918,11,2.69
1918,12,2.41
1919,1,2.5
1919,2,2.31
1919,3,2.5
1919,4,2.12
1919,5,2.02
1919,6,1.45
1919,7,1.55
1919,8,1.45
1919,9,1.45
1919,10,1.36
1919,11,1.45
1919,12,1.83
1920,1,1.93
1920,2,1.93
1920,3,1.74
1920,4,2.31
1920,5,1.74
1920,6,1.64
1920,7,2.41
1920,8,2.12
1920,9,1.64
1920,10,2.02
1920,11,2.02
1920,12,2.12
1921,1,2.22
1921,2,2.22
1921,3,1.64
1921,4,1.55
1921,5,1.64
1921,6,1.74
1921,7,1.74
1921,8,1.74
1921,9,1.83
1921,10,1.83
1921,11,1.93
1921,12,2.02
1922,1,2.02
1922,2,2.31
1922,3,2.5
1922,4,2.5
1922,5,2.41
1922,6,2.12
1922,7,2.22
1922,8,2.69
1922,9,2.31
1922,10,2.12
1922,11,2.12
1922,12,2.12
1923,1,0.97
1923,2,2.22
1923,3,2.98
1923,4,3.27
1923,5,2.22
1923,6,1.93
1923,7,2.12
1923,8,2.22
1923,9,2.02
1923,10,2.41
1923,11,3.17
1923,12,3.07
1924,1,2.69
1924,2,2.69
1924,3,2.31
1924,4,2.12
1924,5,2.5
1924,6,2.88
1924,7,2.12
1924,8,1.93
1924,9,1.74
1924,10,3.17
1924,11,2.79
1924,12,2.6
1925,1,2.41
1925,2,2.5
1925,3,2.22
1925,4,1.64
1925,5,1.83
1925,6,1.45
1925,7,1.74
1925,8,1.83
1925,9,2.02
1925,10,2.02
1925,11,2.02
1925,12,2.12
1926,1,2.69
1926,2,2.6
1926,3,2.31
1926,4,2.22
1926,5,2.69
1926,6,2.5
1926,7,2.41
1926,8,2.02
1926,9,1.93
1926,10,1.74
1926,11,2.22
1926,12,2.22
1927,1,2.02
1927,2,2.5
1927,3,2.5
1927,4,2.41
1927,5,2.22
1927,6,2.12
1927,7,2.41
1927,8,2.31
1927,9,2.79
1927,10,2.5
1927,11,2.5
1927,12,2.98
1928,1,3.07
1928,2,2.88
1928,3,2.69
1928,4,2.31
1928,5,2.02
1928,6,2.12
1928,7,2.12
1928,8,2.02
1928,9,2.12
1928,10,2.22
1928,11,2.88
1928,12,2.6
1929,1,2.5
1929,2,2.79
1929,3,2.5
1929,4,2.31
1929,5,2.31
1929,6,2.31
1929,7,2.02
1929,8,2.22
1929,9,2.02
1929,10,2.12
1929,11,2.5
1929,12,2.22
1930,1,2.98
1930,2,3.07
1930,3,2.41
1930,4,2.5
1930,5,2.41
1930,6,2.02
1930,7,2.02
1930,8,1.93
1930,9,2.12
1930,10,2.12
1930,11,2.12
1930,12,2.12
1931,1,2.88
1931,2,3.17
1931,3,3.93
1931,4,2.6
1931,5,2.6
1931,6,2.69
1931,7,2.5
1931,8,2.41
1931,9,2.31
1931,10,2.41
1931,11,2.41
1931,12,2.5
1932,1,2.5
1932,2,2.79
1932,3,2.79
1932,4,2.69
1932,5,2.41
1932,6,2.41
1932,7,2.22
1932,8,2.22
1932,9,2.12
1932,10,2.22
1932,11,2.22
1932,12,2.31
1933,1,2.5
1933,2,2.79
1933,3,2.69
1933,4,2.69
1933,5,2.41
1933,6,2.5
1933,7,2.22
1933,8,2.22
1933,9,2.12
1933,10,2.12
1933,11,2.31
1933,12,2.41
1934,1,2.41
1934,2,2.31
1934,3,2.31
1934,4,2.41
1934,5,2.41
1934,6,2.41
1934,7,2.41
1934,8,2.02
1934,9,2.12
1934,10,2.12
1934,11,2.12
1934,12,2.12
1935,1,2.31
1935,2,2.5
1935,3,2.5
1935,4,2.41
1935,5,2.5
1935,6,2.5
1935,7,2.41
1935,8,2.12
1935,9,2.22
1935,10,2.22
1935,11,2.41
1935,12,3.07
1936,1,3.27
1936,2,3.46
1936,3,3.46
1936,4,3.46
1936,5,3.27
1936,6,2.69
1936,7,2.41
1936,8,2.5
1936,9,2.41
1936,10,2.31
1936,11,2.31
1936,12,2.69
1937,1,2.88
1937,2,3.17
1937,3,3.55
1937,4,3.36
1937,5,3.36
1937,6,2.88
1937,7,2.5
1937,8,2.12
1937,9,2.22
1937,10,2.22
1937,11,2.31
1937,12,2.5
1938,1,4.89
1938,2,3.17
1938,3,2.22
1938,4,2.02
1938,5,2.79
1938,6,3.07
1938,7,2.98
1938,8,2.79
1938,9,2.22
1938,10,2.6
1938,11,3.07
1938,12,5.27
1939,1,4.41
1939,2,3.36
1939,3,4.51
1939,4,4.24
1939,5,4.14
1939,6,4.12
1939,7,4.63
1939,8,5.66
1939,9,6.51
1939,10,7.04
1939,11,7.47
1939,12,7.66
1940,1,7.06
1940,2,5.96
1940,3,5.37
1940,4,5.52
1940,5,5.84
1940,6,6.13
1940,7,6.28
1940,8,6.41
1940,9,6.61
1940,10,7.19
1940,11,8.01
1940,12,8.42
1941,1,8.26
1941,2,7.9
1941,3,7.47
1941,4,6.95
1941,5,6.32
1941,6,5.75
1941,7,5.21
1941,8,4.72
1941,9,4.51
1941,10,5.3
1941,11,6.77
1941,12,7.56
1942,1,7.09
1942,2,6.13
1942,3,5.37
1942,4,4.93
1942,5,4.59
1942,6,4.41
1942,7,4.36
1942,8,4.33
1942,9,4.32
1942,10,4.41
1942,11,4.6
1942,12,4.7
1943,1,4.33
1943,2,3.64
1943,3,3.27
1943,4,3.36
1943,5,3.55
1943,6,3.65
1943,7,3.62
1943,8,3.58
1943,9,3.55
1943,10,3.65
1943,11,3.83
1943,12,3.93
1944,1,3.76
1944,2,3.44
1944,3,3.27
1944,4,3.4
1944,5,3.67
1944,6,3.84
1944,7,3.88
1944,8,3.9
1944,9,3.93
1944,10,4.08
1944,11,4.3
1944,12,4.41
1945,1,4.09
1945,2,3.49
1945,3,3.17
1945,4,3.52
1945,5,4.16
1945,6,4.51
1945,7,4.23
1945,8,3.73
1945,9,3.46
1945,10,3.6
1945,11,3.88
1945,12,4.03
1946,1,3.86
1946,2,3.53
1946,3,3.36
1946,4,3.37
1946,5,3.41
1946,6,3.46
1946,7,3.73
1946,8,4.18
1946,9,4.41
1946,10,4.3
1946,11,4.08
1946,12,3.93
1947,1,3.9
1947,2,3.88
1947,3,3.84
1947,4,3.64
1947,5,3.33
1947,6,3.17
1947,7,3.17
1947,8,3.17
1947,9,3.17
1947,10,3.24
1947,11,3.38
1947,12,3.46
1948,1,3.31
1948,2,3.03
1948,3,2.88
1948,4,2.96
1948,5,3.13
1948,6,3.27
1948,7,3.34
1948,8,3.39
1948,9,3.46
1948,10,3.56
1948,11,3.69
1948,12,3.74
1949,1,3.59
1949,2,3.32
1949,3,3.17
1949,4,3.17
1949,5,3.17
1949,6,3.17
1949,7,3.39
1949,8,3.81
1949,9,4.03
1949,10,3.99
1949,11,3.88
1949,12,3.74
1950,1,3.48
1950,2,3.15
1950,3,2.98
1950,4,3.05
1950,5,3.2
1950,6,3.36
1950,7,3.52
1950,8,3.68
1950,9,3.84
1950,10,4
1950,11,4.15
1950,12,4.22
1951,1,3.94
1951,2,3.39
1951,3,2.98
1951,4,2.79
1951,5,2.65
1951,6,2.6
1951,7,3.09
1951,8,4.01
1951,9,4.51
1951,10,4.35
1951,11,4.02
1951,12,3.74
1952,1,3.61
1952,2,3.5
1952,3,3.36
1952,4,3.09
1952,5,2.76
1952,6,2.6
1952,7,2.66
1952,8,2.81
1952,9,2.98
1952,10,3.16
1952,11,3.39
1952,12,3.65
1953,1,2.98
1953,2,3.27
1953,3,2.6
1953,4,2.79
1953,5,2.88
1953,6,2.79
1953,7,2.98
1953,8,2.6
1953,9,2.88
1953,10,3.07
1953,11,4.32
1953,12,2.41
1954,1,3.07
1954,2,4.22
1954,3,3.17
1954,4,2.69
1954,5,2.31
1954,6,4.03
1954,7,2.79
1954,8,2.79
1954,9,2.98
1954,10,2.88
1954,11,4.89
1954,12,4.89
1955,1,4.89
1955,2,3.07
1955,3,2.88
1955,4,2.69
1955,5,3.36
1955,6,3.55
1955,7,2.79
1955,8,2.88
1955,9,2.88
1955,10,3.55
1955,11,3.36
1955,12,2.88
1956,1,3.74
1956,2,3.93
1956,3,2.6
1956,4,2.69
1956,5,3.07
1956,6,2.98
1956,7,3.07
1956,8,2.88
1956,9,3.27
1956,10,3.36
1956,11,2.69
1956,12,3.93
1957,1,3.55
1957,2,4.89
1957,3,3.07
1957,4,2.41
1957,5,2.79
1957,6,2.69
1957,7,2.69
1957,8,2.98
1957,9,2.88
1957,10,2.98
1957,11,3.84
1957,12,3.36
1958,1,3.46
1958,2,3.65
1958,3,2.31
1958,4,2.5
1958,5,2.69
1958,6,2.69
1958,7,2.88
1958,8,2.88
1958,9,3.46
1958,10,4.22
1958,11,3.65
1958,12,3.07
1959,1,3.65
1959,2,2.6
1959,3,2.31
1959,4,2.5
1959,5,2.31
1959,6,2.88
1959,7,2.69
1959,8,2.79
1959,9,2.5
1959,10,2.69
1959,11,2.5
1959,12,2.69
1960,1,2.69
1960,2,2.98
1960,3,2.5
1960,4,2.79
1960,5,2.88
1960,6,2.88
1960,7,2.79
1960,8,2.79
1960,9,2.98
1960,10,4.12
1960,11,5.08
1960,12,4.79
1961,1,3.55
1961,2,3.46
1961,3,3.36
1961,4,2.69
1961,5,2.88
1961,6,2.79
1961,7,2.69
1961,8,2.88
1961,9,2.69
1961,10,2.88
1961,11,2.69
1961,12,2.79
1962,1,3.55
1962,2,2.79
1962,3,2.69
1962,4,3.07
1962,5,2.88
1962,6,2.5
1962,7,2.69
1962,8,2.69
1962,9,2.79
1962,10,3.17
1962,11,3.27
1962,12,3.36
1963,1,2.79
1963,2,2.79
1963,3,3.65
1963,4,2.79
1963,5,2.22
1963,6,2.22
1963,7,2.41
1963,8,2.31
1963,9,2.69
1963,10,2.6
1963,11,4.51
1963,12,2.6
1964,1,2.31
1964,2,2.41
1964,3,3.17
1964,4,2.69
1964,5,2.02
1964,6,3.93
1964,7,3.84
1964,8,3.36
1964,9,3.27
1964,10,3.36
1964,11,3.65
1964,12,3.65
1965,1,4.41
1965,2,3.17
1965,3,3.46
1965,4,3.55
1965,5,3.93
1965,6,4.03
1965,7,4.41
1965,8,3.65
1965,9,4.51
1965,10,4.32
1965,11,3.93
1965,12,6.03
1966,1,3.84
1966,2,4.51
1966,3,3.27
1966,4,4.32
1966,5,3.93
1966,6,3.36
1966,7,3.46
1966,8,3.55
1966,9,4.03
1966,10,6.23
1966,11,3.65
1966,12,5.75
1967,1,4.98
1967,2,4.32
1967,3,3.27
1967,4,2.98
1967,5,3.84
1967,6,2.98
1967,7,3.27
1967,8,3.17
1967,9,3.36
1967,10,4.51
1967,11,4.22
1967,12,3.84
1968,1,3.84
1968,2,2.88
1968,3,2.88
1968,4,3.07
1968,5,4.12
1968,6,3.55
1968,7,5.56
1968,8,3.65
1968,9,4.41
1968,10,5.37
1968,11,4.6
1968,12,4.22
1969,1,3.65
1969,2,2.31
1969,3,2.31
1969,4,2.22
1969,5,3.55
1969,6,3.36
1969,7,3.55
1969,8,3.27
1969,9,2.88
1969,10,2.88
1969,11,3.55
1969,12,4.22
1970,1,4.22
1970,2,3.65
1970,3,2.31
1970,4,2.69
1970,5,2.6
1970,6,3.07
1970,7,3.17
1970,8,2.79
1970,9,2.69
1970,10,2.69
1970,11,3.84
1970,12,3.46
1971,1,4.12
1971,2,2.98
1971,3,2.69
1971,4,3.27
1971,5,3.07
1971,6,5.08
1971,7,2.79
1971,8,2.88
1971,9,2.6
1971,10,3.27
1971,11,4.03
1971,12,3.46
1972,1,3.65
1972,2,4.6
1972,3,3.07
1972,4,2.69
1972,5,2.79
1972,6,2.98
1972,7,3.17
1972,8,2.98
1972,9,2.98
1972,10,3.27
1972,11,3.17
1972,12,4.7
1973,1,3.17
1973,2,2.6
1973,3,2.6
1973,4,2.69
1973,5,2.6
1973,6,2.41
1973,7,2.5
1973,8,2.22
1973,9,2.12
1973,10,1.93
1973,11,2.02
1973,12,2.02
1974,1,2.41
1974,2,2.41
1974,3,1.83
1974,4,1.74
1974,5,2.12
1974,6,2.6
1974,7,4.12
1974,8,3.74
1974,9,4.98
1974,10,6.42
1974,11,6.51
1974,12,3.27
1975,1,5.37
1975,2,3.74
1975,3,3.93
1975,4,3.74
1975,5,4.32
1975,6,4.22
1975,7,4.22
1975,8,3.93
1975,9,4.03
1975,10,4.12
1975,11,2.6
1975,12,2.79
1976,1,2.31
1976,2,2.12
1976,3,2.31
1976,4,2.98
1976,5,2.88
1976,6,2.5
1976,7,2.79
1976,8,2.88
1976,9,3.55
1976,10,3.36
1976,11,3.27
1976,12,3.27
1977,1,4.03
1977,2,4.41
1977,3,2.79
1977,4,2.8
1977,5,2.15
1977,6,3.7
1977,7,3.43
1977,8,4.2
1977,9,3.05
1977,10,2.84
1977,11,4.41
1977,12,4.71
1978,1,3.52
1978,2,3.49
1978,3,3.1
1978,4,2.99
1978,5,5.08
1978,6,3.99
1978,7,4.36
1978,8,4.08
1978,9,3.47
1978,10,3.57
1978,11,3.49
1978,12,4.55
1979,1,4.13
1979,2,3.73
1979,3,4.41
1979,4,3.28
1979,5,3.26
1979,6,3.68
1979,7,2.36
1979,8,3.49
1979,9,2.68
1979,10,3.36
1979,11,3.47
1979,12,4.06
1980,1,3.32
1980,2,2.99
1980,3,3.31
1980,4,3.41
1980,5,2.86
1980,6,3.99
1980,7,3.2
1980,8,3.57
1980,9,5.04
1980,10,5.5
1980,11,5.09
1980,12,3.49
1981,1,3.57
1981,2,4.31
1981,3,4.57
1981,4,4.08
1981,5,4.78
1981,6,5.83
1981,7,2.81
1981,8,5.25
1981,9,4.01
1981,10,5.46
1981,11,4.88
1981,12,4.41
1982,1,3.62
1982,2,3.47
1982,3,3.74
1982,4,4.46
1982,5,3.36
1982,6,3.95
1982,7,5.57
1982,8,3.23
1982,9,3.26
1982,10,6.14
1982,11,6.13
1982,12,5.25
1983,1,3.73
1983,2,4.71
1983,3,4.99
1983,4,4.41
1983,5,5.71
1983,6,5.3
1983,7,3.99
1983,8,3.83
1983,9,3.31
1983,10,5.2
1983,11,4.29
1983,12,4.69
1984,1,5.97
1984,2,3.1
1984,3,3.31
1984,4,3.31
1984,5,4.24
1984,6,3.99
1984,7,3.61
1984,8,3.01
1984,9,3.15
1984,10,4.41
1984,11,5.04
1984,12,5.11
1985,1,5.46
1985,2,4.2
1985,3,2.87
1985,4,4.1
1985,5,2.84
1985,6,3.99
1985,7,6.51
1985,8,2.53
1985,9,2.31
1985,10,2.33
1985,11,2.52
1985,12,4.18
1986,1,2.1
1986,2,1.68
1986,3,2.31
1986,4,4.41
1986,5,3.3
1986,6,3.21
1986,7,3.36
1986,8,3.78
1986,9,8.82
1986,10,2.31
1986,11,3.78
1986,12,3.15
1987,1,3.15
1987,2,1.89
1987,3,2.08
1987,4,2.31
1987,5,2.73
1987,6,2.31
1987,7,3.15
1987,8,2.52
1987,9,2.52
1987,10,2.52
1987,11,2.52
1987,12,2.52
1988,1,5.46
1988,2,3.86
1988,3,2.37
1988,4,2.1
1988,5,3.15
1988,6,2.73
1988,7,3.57
1988,8,1.47
1988,9,2.63
1988,10,3.99
1988,11,2.52
1988,12,3.57
1989,1,3.57
1989,2,2.94
1989,3,6.41
1989,4,1.68
1989,5,3.57
1989,6,2.26
1989,7,0.84
1989,8,2.52
1989,9,1.05
1989,10,2.16
1989,11,3.15
1989,12,2.94
1990,1,1.68
1990,2,2.94
1990,3,2.1
1990,4,3.55
1990,5,2.54
1990,6,3.89
1990,7,4.5
1990,8,5.7
1990,9,3.21
1990,10,4.76
1990,11,6.05
1990,12,3.68
1991,1,4.73
1991,2,2.1
1991,3,6.5
1991,4,7.34
1991,5,5.29
1991,6,4.12
1991,7,5.33
1991,8,4.34
1991,9,2.98
1991,10,3.26
1991,11,3.76
1991,12,4.64
1992,1,5.05
1992,2,4.4
1992,3,3.68
1992,4,6.17
1992,5,7.99
1992,6,4.2
1992,7,4.73
1992,8,5.09
1992,9,5.45
1992,10,5.94
1992,11,6.43
1992,12,3.74
1993,1,1.05
1993,2,2.3
1993,3,1.45
1993,4,6.69
1993,5,3.55
1993,6,1.97
1993,7,2.99
1993,8,2.12
1993,9,1.25
1993,10,1.07
1993,11,1.97
1993,12,1.78
1994,1,3.68
1994,2,4.23
1994,3,4.67
1994,4,5.12
1994,5,4.2
1994,6,3.55
1994,7,4.73
1994,8,6.5
1994,9,4.4
1994,10,7.22
1994,11,9.83
1994,12,7.47
1995,1,5.12
1995,2,9.84
1995,3,5.12
1995,4,4.4
1995,5,9.32
1995,6,11.94
1995,7,10.69
1995,8,5.97
1995,9,5.55
1995,10,5.12
1995,11,4.14
1995,12,4.69
1996,1,5.25
1996,2,8.79
1996,3,3.02
1996,4,3.02
1996,5,4.2
1996,6,9.32
1996,7,9.38
1996,8,6.79
1996,9,4.2
1996,10,5.35
1996,11,6.5
1996,12,9.45
1997,1,5.8
1997,2,6.3
1997,3,3.7
1997,4,1.2
1997,5,3.15
1997,6,5.1
1997,7,5.9
1997,8,6.7
1997,9,6.25
1997,10,5.8
1997,11,7.1
1997,12,5.34
1998,1,4.65
1998,2,3.81
1998,3,7.67
1998,4,6
1998,5,4.87
1998,6,4.46
1998,7,4.86
1998,8,4.82
1998,9,4.86
1998,10,8.42
1998,11,6.57
1998,12,7.36
1999,1,6.84
1999,2,4.29
1999,3,5.03
1999,4,3.78
1999,5,3.88
1999,6,3.98
1999,7,5.27
1999,8,5.46
1999,9,5.68
1999,10,7.86
1999,11,4.56
1999,12,5.45
2000,1,4.8
2000,2,6.2
2000,3,5.55
2000,4,5.33
2000,5,4.69
2000,6,4.82
2000,7,4.33
2000,8,5.3
2000,9,6.27
2000,10,8.95
2000,11,5.88
2000,12,7.23
2001,1,6.12
2001,2,4.26
2001,3,5.89
2001,4,3.42
2001,5,3.83
2001,6,3.48
2001,7,3.7
2001,8,3.67
2001,9,4.14
2001,10,6.1
2001,11,4.36
2001,12,4.81
2002,1,4.37
2002,2,7.29
2002,3,5.62
2002,4,3.94
2002,5,4.47
2002,6,4.84
2002,7,3.76
2002,8,4.66
2002,9,3.74
2002,10,5.43
2002,11,6.97
2002,12,5.65
2003,1,5.18
2003,2,4.01
2003,3,3.45
2003,4,3
2003,5,3.34
2003,6,4.36
2003,7,3.91
2003,8,3.74
2003,9,4.03
2003,10,4.13
2003,11,4.23
2003,12,4.68
2004,1,4.39
2004,2,4.88
2004,3,4.31
2004,4,4.29
2004,5,4.27
2004,6,3.99
2004,7,3.72
2004,8,3.83
2004,9,3.85
2004,10,4.84
2004,11,12.34
2004,12,12.46
2005,1,3.73
2005,2,3.79
2005,3,3.92
2005,4,4.44
2005,5,4.88
2005,6,3.84
2005,7,4.35
2005,8,4.04
2005,9,3.9
2005,10,4.3
2005,11,4.99
2005,12,4.2
2006,1,3.71
2006,2,5.22
2006,3,4.4
2006,4,5.67
2006,5,4.12
2006,6,4.13
2006,7,4.18
2006,8,4.47
2006,9,4.16
2006,10,4.67
2006,11,5.79
2006,12,4.96
2007,1,4.13
2007,2,6.25
2007,3,3.17
2007,4,3.15
2007,5,3.31
2007,6,3.48
2007,7,3.83
2007,8,3.4
2007,9,2.97
2007,10,4.98
2007,11,5.76
2007,12,5.9
2008,1,6.28
2008,2,2.79
2008,3,4.57
2008,4,3.35
2008,5,5.17
2008,6,3.73
2008,7,4.61
2008,8,3.52
2008,9,5.72
2008,10,6.36
2008,11,6.6
2008,12,4.98
2009,1,5.11
2009,2,2.87
2009,3,2.82
2009,4,3.54
2009,5,3.78
2009,6,3.87
2009,7,3.7
2009,8,3.48
2009,9,3.7
2009,10,3.95
2009,11,4.38
2009,12,5.99
2010,1,5.35
2010,2,4.31
2010,3,3.57
2010,4,3.37
2010,5,3.3
2010,6,3.36
2010,7,3.45
2010,8,3.49
2010,9,3.28
2010,10,3.07
2010,11,4.65
2010,12,4.57
2011,1,3.75
2011,2,3
2011,3,3.95
2011,4,3.5
2011,5,4.7
2011,6,4.57
2011,7,4.09
2011,8,4.33
2011,9,3.78
2011,10,4.14
2011,11,5.48
2011,12,5.56
2012,1,5.82
2012,2,3.92
2012,3,4.51
2012,4,4.73
2012,5,9
2012,6,7.34
2012,7,5.51
2012,8,3.42
2012,9,4.33
2012,10,4.67
2012,11,5.55
2012,12,4.32
2013,1,3.52
2013,2,5.36
2013,3,3.09
2013,4,3.34
2013,5,3.47
2013,6,3.87
2013,7,1.04
2013,8,3.58
2013,9,3.43
2013,10,3.63
2013,11,4.58
2013,12,5.24
2014,1,5.56
2014,2,4.67
2014,3,3.19
2014,4,4.35
2014,5,5.5
2014,6,4.46
2014,7,3.43
2014,8,3.5
2014,9,3.96
2014,10,3.63
2014,11,6.31
2014,12,4.56
